student_id,branch,gender,year,cgpa,attendance_pct,aptitude_score,technical_score,communication_score,projects_count,internships_count,cert_count,extracurricular_score,mock_interview_score,softskill_rating,is_placed,placed_role
S0001,IT,M,3,8.0,83,79,98,63,0,1,2,55,73,53,1,QA
S0002,IT,F,3,7.74,65,42,59,43,0,0,1,66,51,40,0,NA
S0003,ME,M,3,7.62,79,59,85,68,1,0,0,47,73,61,0,NA
S0004,ME,F,4,7.71,65,48,72,72,0,0,0,63,59,51,1,IT Support
S0005,CE,M,2,7.04,95,70,33,58,0,1,1,52,57,64,0,NA
S0006,CE,M,4,7.29,78,43,86,61,1,0,2,51,85,63,0,NA
S0007,CS,F,4,7.46,100,28,82,64,1,1,0,54,90,53,1,Data Analyst
S0008,IT,M,2,7.29,80,73,87,68,0,1,3,66,74,63,1,QA
S0009,EC,M,4,7.8,87,69,65,38,0,0,1,51,74,46,0,NA
S0010,IT,F,3,7.48,68,51,50,58,1,0,1,51,53,42,0,NA
S0011,ME,M,4,8.27,73,59,86,52,2,0,1,87,89,78,1,SDE
S0012,CS,M,4,5.95,85,43,67,46,1,0,0,90,66,55,0,NA
S0013,CS,M,4,8.86,100,69,72,39,1,1,3,83,59,53,1,Data Analyst
S0014,CE,M,2,7.67,72,84,92,76,0,0,3,40,73,59,1,QA
S0015,IT,M,2,6.61,76,61,68,64,2,0,0,76,54,79,1,IT Support
S0016,CS,M,2,6.43,89,58,74,68,2,0,1,58,73,50,0,NA
S0017,EC,F,2,8.13,100,74,57,74,3,0,4,61,82,67,0,NA
S0018,CE,F,2,8.45,91,67,87,52,1,0,1,55,64,54,1,Data Analyst
S0019,IT,M,2,7.03,95,66,45,45,1,0,1,73,61,67,0,NA
S0020,ME,M,3,5.47,86,47,71,49,0,1,2,57,55,49,1,SDE
S0021,EC,M,2,9.27,89,57,95,97,1,0,1,80,93,100,1,QA
S0022,CE,F,4,4.26,74,47,26,76,1,0,1,31,55,62,0,NA
S0023,IT,F,2,7.7,78,69,62,61,1,0,2,73,64,60,1,SDE
S0024,ME,F,4,8.38,80,62,66,74,3,0,3,89,85,75,1,SDE
S0025,EC,F,2,9.05,80,69,82,63,1,1,1,78,76,69,0,NA
S0026,ME,M,3,9.41,95,50,71,79,3,0,0,36,49,75,0,NA
S0027,EC,M,2,6.67,81,69,52,45,0,0,0,64,55,63,1,SDE
S0028,CS,M,3,6.05,70,49,55,62,2,0,0,89,50,75,1,Data Analyst
S0029,ME,M,2,7.82,76,76,97,64,0,1,0,68,81,75,0,NA
S0030,CS,F,4,7.6,77,68,77,84,1,0,1,79,79,91,0,NA
S0031,CS,M,4,6.66,79,31,53,46,4,1,1,63,33,72,0,NA
S0032,IT,M,4,7.43,82,71,47,61,3,0,0,58,57,62,0,NA
S0033,CS,M,3,7.51,85,60,79,46,2,0,1,57,66,44,0,NA
S0034,CS,F,3,7.61,100,70,89,80,1,0,2,63,79,68,1,SDE
S0035,ME,M,3,8.56,67,55,37,50,2,0,2,74,43,69,1,DevOps
S0036,CS,F,3,7.88,84,38,68,41,0,0,0,73,41,61,0,NA
S0037,EC,F,2,7.44,94,52,76,54,0,0,0,44,47,47,0,NA
S0038,EC,F,3,9.46,85,66,83,61,2,0,1,55,53,71,1,DevOps
S0039,IT,M,3,8.35,75,72,90,50,1,0,0,61,67,55,1,DevOps
S0040,CS,M,4,6.85,74,89,79,62,0,0,2,89,65,68,1,SDE
S0041,CS,F,2,8.43,100,51,83,53,0,0,0,50,37,58,0,NA
S0042,IT,F,2,7.26,75,57,80,70,2,0,1,40,65,36,1,Data Analyst
S0043,ME,F,2,7.04,81,42,79,45,1,0,0,65,54,62,0,NA
S0044,IT,M,2,8.03,99,33,56,66,2,0,1,55,62,58,0,NA
S0045,IT,M,2,7.38,86,57,77,57,2,0,1,53,63,68,1,Data Analyst
S0046,ME,F,2,5.63,81,58,86,69,1,1,1,55,79,67,1,QA
S0047,EC,M,4,7.84,80,78,100,69,0,0,0,64,100,70,0,NA
S0048,EC,M,3,8.54,79,68,56,51,0,0,2,67,33,61,1,SDE
S0049,CS,M,3,5.72,99,68,56,62,2,1,2,37,61,53,1,DevOps
S0050,CE,M,2,9.38,98,100,70,46,2,1,2,57,50,50,1,SDE
S0051,ME,M,3,6.49,68,74,63,40,2,0,0,34,51,23,0,NA
S0052,IT,F,2,7.27,91,94,86,60,0,1,1,37,73,48,1,QA
S0053,EC,M,4,7.39,86,100,47,77,1,0,0,6,65,38,0,NA
S0054,CS,M,4,6.09,77,43,91,79,0,0,0,85,86,80,1,IT Support
S0055,CS,M,4,6.28,92,57,53,68,2,0,0,68,40,85,0,NA
S0056,CE,M,2,6.98,95,54,39,31,1,0,1,72,46,51,0,NA
S0057,EC,F,2,7.14,84,70,35,33,0,1,2,74,20,59,0,NA
S0058,EC,M,2,8.53,89,76,91,90,0,1,1,80,83,85,1,IT Support
S0059,ME,M,4,7.15,86,44,76,39,1,0,1,44,63,43,0,NA
S0060,ME,F,4,8.11,69,70,59,33,1,0,1,79,38,74,1,QA
S0061,ME,M,4,8.0,90,53,87,37,0,1,0,82,61,65,1,QA
S0062,EC,M,2,8.56,86,85,85,83,1,0,0,81,93,83,1,QA
S0063,EC,M,3,6.42,95,61,73,62,1,0,1,60,54,73,0,NA
S0064,IT,M,2,7.31,80,88,70,76,2,0,1,30,73,63,0,NA
S0065,CE,M,3,8.72,78,65,30,66,3,0,0,66,44,57,1,DevOps
S0066,EC,F,3,6.5,77,61,66,83,0,1,1,40,86,59,0,NA
S0067,CS,F,4,9.81,78,96,100,43,0,0,0,61,63,63,1,DevOps
S0068,CS,F,3,7.13,73,77,84,68,0,0,1,52,65,61,0,NA
S0069,CS,F,4,6.89,81,68,70,70,0,0,1,100,69,100,1,DevOps
S0070,ME,F,3,8.19,74,20,56,76,1,0,0,66,68,74,0,NA
S0071,IT,M,4,8.32,90,87,93,86,0,1,1,72,87,80,1,QA
S0072,ME,F,3,6.81,89,70,71,57,0,0,2,60,71,80,0,NA
S0073,ME,F,2,7.77,80,76,70,79,1,1,1,31,87,44,1,SDE
S0074,EC,M,4,5.69,94,51,59,64,0,0,0,49,80,55,0,NA
S0075,IT,F,4,5.8,80,40,54,67,0,0,2,79,68,72,0,NA
S0076,IT,F,3,6.27,100,74,56,47,0,0,1,46,57,46,1,DevOps
S0077,IT,F,3,7.84,89,77,78,72,0,0,3,86,66,97,1,SDE
S0078,IT,M,4,6.76,84,39,73,52,1,0,1,79,43,73,0,NA
S0079,ME,M,4,7.87,89,68,59,54,1,0,2,51,45,52,1,SDE
S0080,EC,M,3,6.5,82,89,73,53,0,0,2,71,84,65,0,NA
S0081,IT,M,2,8.4,91,87,63,79,1,0,1,63,58,65,0,NA
S0082,CS,M,4,7.48,100,93,75,62,0,0,0,62,81,60,0,NA
S0083,EC,M,4,7.02,100,46,38,57,2,1,2,80,57,70,1,QA
S0084,CS,F,2,8.98,98,65,84,71,0,0,1,65,77,79,1,QA
S0085,EC,M,4,7.34,95,33,71,43,2,0,0,66,51,57,0,NA
S0086,ME,M,4,5.94,82,28,63,55,0,0,1,84,69,81,0,NA
S0087,CS,F,4,7.88,89,84,74,57,0,0,2,56,63,46,0,NA
S0088,EC,F,3,7.58,65,81,74,76,2,0,0,2,63,45,0,NA
S0089,CS,F,4,6.88,100,61,68,73,3,1,1,69,72,75,1,IT Support
S0090,CE,F,2,8.14,73,95,51,61,1,1,1,44,60,66,0,NA
S0091,ME,F,2,7.26,94,84,44,64,2,0,1,74,40,54,1,QA
S0092,ME,F,4,6.61,100,39,57,39,0,0,2,47,59,39,0,NA
S0093,ME,F,2,7.05,84,47,37,76,2,1,2,23,65,52,1,IT Support
S0094,ME,F,3,7.31,90,66,49,43,1,0,0,40,64,49,0,NA
S0095,ME,F,2,6.52,82,70,44,57,1,0,0,33,50,50,0,NA
S0096,ME,M,2,6.92,85,71,67,78,1,0,1,67,57,65,0,NA
S0097,CS,M,2,8.3,79,98,57,61,1,0,2,44,73,68,0,NA
S0098,IT,F,4,6.94,71,63,100,54,2,1,0,92,80,67,1,Data Analyst
S0099,IT,F,4,7.12,82,56,47,46,0,0,0,35,39,47,0,NA
S0100,CS,F,2,7.83,93,39,76,80,3,0,0,35,84,58,1,IT Support
S0101,CE,M,2,6.51,91,48,63,83,1,1,1,53,59,64,0,NA
S0102,EC,F,2,7.57,92,68,90,53,1,1,2,64,58,49,1,IT Support
S0103,EC,M,4,5.66,90,41,20,56,4,1,0,100,32,89,0,NA
S0104,CE,M,2,7.77,88,58,87,61,0,0,0,44,74,54,0,NA
S0105,EC,M,4,7.47,93,88,77,62,1,0,0,33,70,52,0,NA
S0106,CE,M,4,5.7,78,20,62,63,0,0,1,44,54,52,0,NA
S0107,CS,M,4,7.65,81,59,63,53,3,0,1,63,45,55,0,NA
S0108,CS,F,3,6.13,82,43,27,60,1,0,1,75,53,59,0,NA
S0109,ME,F,3,6.02,86,59,69,62,2,0,0,40,79,42,0,NA
S0110,EC,M,3,6.13,68,82,56,48,1,0,1,80,50,73,0,NA
S0111,IT,F,4,8.24,87,90,100,67,0,0,1,44,79,57,1,DevOps
S0112,CS,M,3,6.7,97,48,39,65,0,0,0,83,66,81,0,NA
S0113,EC,F,2,8.11,98,51,62,63,2,0,2,41,63,54,0,NA
S0114,EC,M,3,8.25,90,58,78,70,0,0,1,55,80,63,1,SDE
S0115,IT,M,2,7.28,82,71,81,76,3,1,2,48,86,73,1,IT Support
S0116,ME,F,4,7.83,85,67,68,72,0,0,2,71,72,97,1,IT Support
S0117,CE,F,3,9.31,91,81,95,56,1,0,2,69,90,58,1,Data Analyst
S0118,EC,M,3,9.17,88,57,86,82,1,1,0,47,74,70,0,NA
S0119,CS,F,4,6.05,73,53,44,43,3,0,1,18,25,43,0,NA
S0120,ME,M,3,7.68,76,100,63,61,2,0,1,46,61,66,1,Data Analyst
S0121,IT,M,3,7.33,80,77,84,65,1,0,1,89,80,63,0,NA
S0122,IT,M,3,6.48,100,80,72,58,2,0,0,40,48,37,1,IT Support
S0123,EC,F,3,7.64,67,73,66,53,2,1,1,28,59,58,1,SDE
S0124,EC,F,4,8.4,92,77,53,63,2,0,0,48,47,47,0,NA
S0125,EC,M,2,6.66,75,58,91,57,0,1,0,59,44,66,1,QA
S0126,CE,M,4,7.75,85,79,71,59,0,0,1,47,51,58,0,NA
S0127,CS,M,2,7.97,84,45,91,54,2,0,2,43,77,66,1,SDE
S0128,CE,M,3,6.43,55,68,77,26,2,0,2,39,43,38,1,DevOps
S0129,EC,F,3,7.02,75,66,94,70,2,0,2,54,81,54,0,NA
S0130,ME,F,2,7.32,100,71,53,51,2,0,0,82,56,80,0,NA
S0131,CS,M,3,7.05,97,66,80,70,1,1,1,43,68,51,0,NA
S0132,IT,F,3,6.54,89,93,43,55,3,0,0,88,46,81,1,SDE
S0133,CE,F,2,7.53,82,94,72,49,3,0,2,71,59,37,0,NA
S0134,EC,F,3,6.5,79,75,71,57,0,0,1,52,78,69,0,NA
S0135,ME,F,2,7.4,97,67,69,66,1,0,0,44,62,60,0,NA
S0136,EC,M,4,8.37,71,73,100,51,0,0,4,46,60,56,0,NA
S0137,IT,M,3,8.17,100,68,54,74,1,1,0,57,57,64,0,NA
S0138,ME,F,2,7.28,89,59,80,65,1,1,1,66,66,73,0,NA
S0139,CE,F,3,7.84,78,55,71,32,1,0,1,54,62,60,0,NA
S0140,CS,M,3,8.23,78,72,63,48,2,0,4,60,23,60,1,DevOps
S0141,CS,F,3,8.97,81,88,80,94,2,0,1,37,83,41,1,SDE
S0142,IT,M,4,7.62,90,68,99,57,0,0,1,63,72,53,0,NA
S0143,IT,M,4,7.28,64,73,44,42,1,0,0,46,56,38,0,NA
S0144,ME,F,4,5.62,86,55,68,63,0,0,2,44,60,46,0,NA
S0145,CE,M,2,5.7,69,62,66,36,3,0,0,77,70,65,1,DevOps
S0146,EC,M,2,6.67,62,50,57,81,0,0,0,50,71,69,0,NA
S0147,CS,M,3,8.68,67,76,88,70,0,1,0,72,65,72,1,DevOps
S0148,EC,F,4,5.8,78,99,49,27,3,0,1,74,50,43,0,NA
S0149,CE,F,2,8.03,89,42,58,31,2,0,0,83,31,54,0,NA
S0150,ME,M,2,6.54,80,63,59,37,0,0,0,84,59,76,0,NA
S0151,CS,F,3,9.39,80,76,58,58,2,0,1,50,36,50,0,NA
S0152,EC,M,4,8.2,81,88,78,60,1,0,0,68,89,86,0,NA
S0153,ME,M,3,7.28,97,50,50,38,2,0,0,42,68,30,0,NA
S0154,CE,F,4,7.79,93,98,90,58,0,0,1,34,77,63,0,NA
S0155,CS,M,2,7.81,81,73,63,68,1,0,3,52,48,51,1,DevOps
S0156,EC,M,3,6.9,98,32,100,82,3,0,1,64,100,70,0,NA
S0157,ME,F,2,8.09,55,80,75,61,3,0,0,52,60,65,1,IT Support
S0158,CE,F,3,6.96,93,72,77,68,4,0,1,48,52,41,1,DevOps
S0159,EC,M,4,6.71,81,35,67,60,2,0,1,43,54,42,0,NA
S0160,CS,F,4,7.35,92,62,78,39,3,0,0,57,58,58,1,IT Support
S0161,CS,M,2,9.3,97,79,69,72,3,0,1,40,48,55,1,Data Analyst
S0162,CE,F,4,6.98,86,52,85,64,0,0,1,59,84,52,1,Data Analyst
S0163,IT,F,2,7.23,77,77,57,73,3,1,0,46,64,79,1,SDE
S0164,EC,M,3,8.92,94,89,98,67,0,0,2,63,87,63,1,DevOps
S0165,IT,M,2,6.06,62,52,37,46,2,1,0,57,37,72,0,NA
S0166,CE,F,4,8.17,74,47,86,69,1,0,1,41,79,53,1,SDE
S0167,ME,F,4,6.96,83,65,46,67,0,0,0,49,53,31,0,NA
S0168,ME,F,3,9.91,92,79,77,62,1,1,3,70,66,67,1,QA
S0169,CS,M,4,7.6,100,49,42,57,1,1,2,61,30,50,1,SDE
S0170,CS,M,2,6.76,77,88,61,48,6,0,0,59,49,50,1,SDE
S0171,EC,F,2,7.89,99,74,63,40,1,0,1,91,63,64,0,NA
S0172,IT,F,4,6.41,83,62,71,61,1,0,2,27,59,43,1,SDE
S0173,ME,M,4,6.08,82,53,70,37,1,0,2,69,58,53,0,NA
S0174,CS,F,4,7.42,72,52,82,84,0,0,2,83,67,89,1,QA
S0175,CS,F,4,7.97,92,67,55,57,1,0,1,50,48,66,0,NA
S0176,CS,M,2,7.75,86,70,80,80,0,0,0,48,65,71,1,Data Analyst
S0177,CS,M,4,5.97,85,63,55,34,1,1,0,99,53,63,0,NA
S0178,EC,F,2,7.31,94,64,94,44,1,0,1,59,69,58,1,IT Support
S0179,CE,M,2,7.94,89,88,51,67,0,1,1,83,52,74,1,IT Support
S0180,ME,F,4,8.19,59,59,53,42,0,0,1,45,62,51,0,NA
S0181,EC,M,4,5.77,78,76,39,47,2,1,1,69,63,67,1,IT Support
S0182,CS,M,4,9.3,88,83,68,69,0,0,1,62,80,73,1,Data Analyst
S0183,ME,F,3,9.5,100,86,76,70,3,0,1,77,66,78,1,QA
S0184,CS,M,4,7.94,92,76,100,66,1,1,1,73,82,74,1,IT Support
S0185,IT,M,2,8.39,90,79,74,61,2,1,1,46,61,44,1,QA
S0186,CS,F,2,7.88,93,59,84,80,2,0,0,98,60,93,1,Data Analyst
S0187,ME,M,3,8.75,69,92,59,48,1,0,1,56,51,46,0,NA
S0188,CS,M,3,8.89,96,56,85,86,0,0,0,50,89,67,1,QA
S0189,IT,F,2,6.17,85,83,48,46,1,0,0,94,26,68,0,NA
S0190,EC,M,4,7.71,85,57,72,53,2,0,0,54,76,63,0,NA
S0191,IT,F,3,6.38,75,77,66,68,0,0,2,66,67,64,1,DevOps
S0192,CS,M,4,8.07,84,87,65,68,1,0,1,39,70,55,1,DevOps
S0193,IT,M,3,7.06,68,91,90,45,1,0,2,73,58,52,1,IT Support
S0194,CE,F,4,9.21,81,100,96,72,3,0,2,69,81,64,0,NA
S0195,CS,F,3,8.57,100,61,49,61,2,0,1,74,78,59,0,NA
S0196,CS,F,2,7.02,67,54,65,71,0,1,1,59,59,60,1,IT Support
S0197,CS,M,4,8.29,88,80,90,60,1,0,1,47,87,48,0,NA
S0198,CS,F,2,8.05,82,68,77,63,2,0,1,15,74,35,0,NA
S0199,CS,F,4,7.67,86,62,97,49,1,0,0,67,74,75,1,QA
S0200,CS,M,2,6.79,72,60,58,95,0,0,1,68,88,100,0,NA
S0201,ME,M,3,8.84,61,90,95,66,2,0,0,34,69,52,1,Data Analyst
S0202,CE,M,2,7.93,76,62,47,54,1,0,1,63,81,47,0,NA
S0203,IT,M,4,6.4,93,80,63,65,1,1,1,66,54,64,1,IT Support
S0204,ME,M,2,7.22,94,73,67,63,0,0,1,48,52,48,1,QA
S0205,CE,M,4,6.88,83,55,24,65,1,0,1,85,47,90,1,QA
S0206,IT,M,2,7.96,99,80,84,65,0,0,2,88,76,75,0,NA
S0207,CS,M,2,7.7,88,93,88,67,1,0,1,78,69,62,1,QA
S0208,EC,M,3,7.13,70,65,82,49,3,0,0,90,67,75,1,QA
S0209,ME,M,3,6.68,78,48,75,39,4,0,1,72,51,54,1,SDE
S0210,CE,M,4,7.85,69,70,65,70,1,1,3,53,59,62,1,QA
S0211,CS,M,3,8.26,91,56,68,60,2,0,0,57,80,64,1,DevOps
S0212,ME,M,4,7.89,95,99,88,68,3,0,1,80,86,75,0,NA
S0213,ME,M,3,7.87,63,78,86,55,2,0,1,62,94,58,0,NA
S0214,IT,M,3,6.19,93,67,41,37,2,1,0,67,57,60,0,NA
S0215,CS,M,3,6.52,100,46,56,33,3,0,0,70,34,50,0,NA
S0216,EC,F,4,6.37,91,71,46,69,1,1,2,47,51,56,0,NA
S0217,CE,F,2,7.84,88,59,66,50,1,0,0,45,37,42,0,NA
S0218,CE,F,3,6.3,74,54,54,46,1,0,1,34,60,36,1,Data Analyst
S0219,CS,F,2,7.47,76,75,35,48,1,0,1,66,31,56,0,NA
S0220,EC,M,2,8.42,79,70,62,85,2,1,0,53,88,70,0,NA
S0221,EC,M,2,7.22,93,65,41,54,2,1,1,94,66,71,1,DevOps
S0222,CE,M,3,7.76,72,63,100,48,1,0,0,73,58,63,1,Data Analyst
S0223,CE,F,2,6.89,79,56,79,46,1,0,0,64,76,56,0,NA
S0224,ME,F,3,8.02,75,59,58,53,0,0,3,70,53,49,0,NA
S0225,EC,M,3,7.47,75,53,55,62,1,1,0,56,25,54,0,NA
S0226,IT,M,2,8.67,81,64,55,94,2,0,0,64,49,96,0,NA
S0227,CE,M,3,5.95,81,63,42,43,2,1,0,49,33,53,0,NA
S0228,IT,M,3,8.24,86,61,69,83,0,0,0,62,77,75,0,NA
S0229,IT,F,2,8.2,70,53,92,70,0,0,1,70,92,80,0,NA
S0230,EC,M,2,6.9,82,39,57,73,1,0,1,50,51,64,0,NA
S0231,ME,M,4,7.59,55,65,39,72,4,0,0,75,63,62,1,QA
S0232,EC,M,2,8.43,82,89,53,45,0,0,1,47,53,40,0,NA
S0233,ME,F,3,7.44,66,78,38,36,0,0,1,55,47,58,0,NA
S0234,ME,F,4,7.76,97,79,74,36,0,1,1,40,41,62,1,IT Support
S0235,ME,M,2,7.65,78,74,100,40,3,1,1,71,65,74,1,QA
S0236,ME,M,3,6.08,91,32,77,68,1,0,1,68,54,39,0,NA
S0237,ME,M,4,6.94,71,71,72,49,1,0,2,15,60,26,0,NA
S0238,CS,F,4,7.95,75,70,78,57,1,0,2,63,76,39,1,SDE
S0239,ME,F,3,7.9,89,46,95,59,1,0,1,54,62,52,1,DevOps
S0240,CE,F,4,6.3,82,63,79,63,2,1,3,28,88,39,1,SDE
S0241,EC,F,3,6.77,100,75,73,65,2,0,1,55,68,72,0,NA
S0242,CE,M,4,8.17,67,67,70,83,1,1,2,46,77,61,1,DevOps
S0243,CE,F,2,6.77,88,44,73,68,1,0,1,22,60,42,1,SDE
S0244,IT,M,4,8.55,100,65,63,66,2,0,1,52,65,54,1,DevOps
S0245,CS,M,2,6.82,95,65,54,62,1,0,0,58,55,67,0,NA
S0246,ME,M,2,7.4,78,73,75,51,2,0,0,45,71,40,1,SDE
S0247,CE,F,4,4.59,81,37,21,32,3,0,0,62,20,29,0,NA
S0248,EC,F,2,9.07,76,83,56,66,1,0,1,53,72,64,0,NA
S0249,ME,F,4,7.12,96,72,53,78,0,0,1,37,72,68,0,NA
S0250,ME,M,2,7.09,92,99,54,34,1,1,0,22,46,32,0,NA
S0251,CS,F,2,8.97,87,84,63,68,0,0,3,52,76,76,0,NA
S0252,EC,F,3,8.24,100,46,62,48,1,0,1,74,67,64,1,IT Support
S0253,EC,F,2,6.65,97,74,62,53,0,0,0,19,58,33,0,NA
S0254,ME,F,2,6.22,86,76,37,57,1,0,0,78,26,78,0,NA
S0255,CS,M,4,6.43,82,47,80,91,5,0,0,64,93,66,1,SDE
S0256,CS,F,4,7.26,85,52,87,74,1,0,3,98,98,79,0,NA
S0257,CS,M,3,6.58,98,80,64,60,1,0,1,71,45,59,1,SDE
S0258,EC,M,2,6.87,82,85,20,70,1,0,2,66,49,58,1,SDE
S0259,EC,M,3,9.23,92,91,93,65,2,0,0,81,100,62,0,NA
S0260,IT,M,4,7.2,82,100,54,45,0,0,1,61,57,40,0,NA
S0261,IT,F,3,7.5,79,51,83,77,4,0,1,29,86,70,1,Data Analyst
S0262,CE,M,4,7.13,83,77,83,81,1,0,2,36,84,48,0,NA
S0263,ME,F,2,6.91,83,65,26,59,2,0,0,40,39,59,0,NA
S0264,ME,M,3,6.79,100,56,66,66,0,0,1,62,45,53,1,QA
S0265,CS,F,2,6.38,81,49,73,62,2,0,2,46,77,55,0,NA
S0266,CE,F,2,6.73,80,60,42,44,4,0,3,63,49,45,1,DevOps
S0267,CS,F,3,7.94,59,79,72,58,2,1,0,100,57,87,1,DevOps
S0268,CS,F,3,9.49,76,69,77,75,1,0,0,64,81,73,1,IT Support
S0269,IT,F,3,8.64,79,92,78,81,1,1,1,71,86,63,1,IT Support
S0270,CS,M,4,8.9,90,51,78,53,1,0,0,64,59,57,1,IT Support
S0271,CS,M,2,4.57,100,69,43,55,0,0,1,36,50,55,0,NA
S0272,IT,M,2,9.6,90,70,95,41,2,1,0,62,79,30,1,IT Support
S0273,CE,M,2,6.39,100,22,55,59,1,0,0,70,64,74,0,NA
S0274,IT,F,4,8.32,84,68,66,77,1,1,1,47,53,44,0,NA
S0275,IT,M,3,8.0,79,88,55,83,3,0,0,25,84,31,1,IT Support
S0276,CS,F,3,7.66,85,74,54,42,0,1,3,54,64,36,1,SDE
S0277,EC,F,4,5.67,74,80,90,63,2,0,0,35,90,42,0,NA
S0278,CS,F,4,8.38,74,92,78,72,1,0,1,89,52,81,1,IT Support
S0279,ME,M,3,5.66,84,67,59,57,0,0,1,34,69,46,0,NA
S0280,CE,F,4,8.44,86,90,80,86,2,0,0,51,73,57,1,DevOps
S0281,CE,M,3,5.94,100,48,62,37,0,0,1,61,65,60,0,NA
S0282,EC,F,4,9.8,70,97,100,52,1,0,1,80,70,62,0,NA
S0283,CS,M,2,9.55,85,89,66,48,1,1,2,81,65,71,1,DevOps
S0284,CS,M,2,7.4,89,72,52,65,0,0,0,92,81,69,0,NA
S0285,CE,F,3,7.0,70,52,53,59,1,1,1,61,54,64,1,QA
S0286,CE,F,2,7.48,77,63,59,73,1,1,2,48,69,61,0,NA
S0287,CS,M,4,7.51,64,69,100,61,2,1,0,45,94,60,1,SDE
S0288,EC,M,3,7.36,88,82,82,46,1,0,1,76,59,71,1,IT Support
S0289,CS,F,4,7.68,97,77,53,94,3,0,3,65,77,85,1,DevOps
S0290,ME,M,4,8.43,82,88,99,53,1,1,1,43,76,45,0,NA
S0291,CS,M,3,6.06,71,64,20,66,1,0,1,56,45,55,0,NA
S0292,EC,M,3,5.86,67,49,68,68,1,0,2,81,77,73,0,NA
S0293,CE,M,2,6.09,80,67,71,63,2,0,0,54,84,43,0,NA
S0294,EC,M,3,7.39,80,58,87,92,3,1,2,47,92,53,0,NA
S0295,EC,M,3,6.52,98,72,52,72,0,0,0,50,64,47,0,NA
S0296,EC,M,4,5.67,72,27,55,55,0,0,0,53,50,56,0,NA
S0297,ME,F,3,7.68,98,77,61,63,0,0,5,55,50,48,1,IT Support
S0298,IT,M,3,8.43,62,79,57,50,2,0,0,42,43,46,1,IT Support
S0299,CE,M,2,7.0,84,62,72,69,0,1,0,57,69,64,0,NA
S0300,ME,M,3,8.7,70,67,69,64,1,0,0,77,49,83,1,Data Analyst
S0301,CS,F,4,8.74,88,59,69,51,0,0,2,45,54,53,0,NA
S0302,EC,M,4,6.98,89,84,44,50,1,0,0,56,41,45,1,IT Support
S0303,IT,M,2,6.44,84,69,57,68,2,0,0,43,49,40,0,NA
S0304,CS,M,3,7.88,83,78,97,62,0,0,2,26,78,49,1,DevOps
S0305,ME,F,4,8.2,82,93,79,54,2,1,3,81,62,78,1,SDE
S0306,CE,M,4,9.17,75,100,72,81,0,0,1,31,88,47,1,SDE
S0307,CE,F,3,6.62,59,63,79,47,1,0,0,76,72,49,0,NA
S0308,CS,M,2,6.32,86,71,88,77,2,0,0,75,94,70,0,NA
S0309,IT,M,4,6.9,61,58,80,71,0,0,0,68,79,87,0,NA
S0310,CE,M,4,6.92,78,63,60,75,1,1,2,63,60,72,1,QA
S0311,CE,F,4,9.98,97,62,89,86,4,0,2,30,100,46,1,Data Analyst
S0312,IT,M,2,6.09,85,52,68,58,1,0,1,43,38,50,0,NA
S0313,ME,F,2,7.47,79,76,63,60,2,1,1,54,60,41,1,QA
S0314,IT,M,4,7.01,91,65,39,40,0,0,1,63,38,45,0,NA
S0315,EC,F,2,6.98,69,63,54,83,1,0,0,96,71,86,0,NA
S0316,CE,F,2,9.1,93,88,52,40,1,0,1,3,56,21,0,NA
S0317,ME,F,4,5.88,87,73,50,67,0,0,1,100,49,85,0,NA
S0318,CS,F,3,7.62,92,71,50,49,4,0,0,88,51,71,0,NA
S0319,CS,M,3,6.59,79,60,91,73,0,0,1,33,78,49,0,NA
S0320,IT,F,4,9.18,65,95,74,74,2,1,3,61,72,69,1,IT Support
S0321,IT,M,2,8.52,92,82,88,62,0,0,4,47,71,68,0,NA
S0322,EC,M,3,6.82,74,55,89,48,1,0,0,100,53,73,1,QA
S0323,EC,M,3,6.89,83,78,68,65,1,0,1,38,63,52,1,IT Support
S0324,ME,M,2,7.44,88,80,67,69,3,0,2,92,67,91,1,IT Support
S0325,ME,F,2,5.3,98,52,60,62,0,1,1,85,74,72,1,QA
S0326,CE,F,4,7.2,82,80,53,34,0,0,1,56,43,48,1,DevOps
S0327,CS,F,2,7.4,94,52,85,62,1,0,1,37,78,52,1,Data Analyst
S0328,IT,M,3,5.79,100,72,53,53,3,0,0,74,33,69,1,QA
S0329,CS,M,4,7.61,78,75,20,38,0,0,2,37,39,38,1,IT Support
S0330,CS,M,2,7.55,90,95,59,63,1,0,3,23,63,27,0,NA
S0331,EC,F,2,7.78,85,45,94,56,1,0,2,70,52,71,0,NA
S0332,EC,M,2,6.74,77,37,64,20,3,0,2,71,32,43,0,NA
S0333,CS,M,2,8.5,82,83,68,59,1,0,0,69,61,58,1,DevOps
S0334,CE,M,2,7.4,65,51,56,38,2,0,2,17,41,29,0,NA
S0335,IT,F,4,6.68,91,61,84,57,1,0,0,53,80,76,1,SDE
S0336,ME,M,4,6.52,77,56,37,39,1,1,2,74,35,51,1,DevOps
S0337,CE,M,4,9.03,85,76,79,83,1,0,0,39,60,51,1,IT Support
S0338,ME,F,3,6.74,95,54,79,88,2,0,2,51,88,85,1,Data Analyst
S0339,ME,F,3,5.44,81,71,59,88,1,0,1,80,73,70,0,NA
S0340,CE,M,2,7.25,68,72,79,66,2,0,2,53,93,34,1,Data Analyst
S0341,IT,F,3,6.83,87,38,54,41,2,0,0,62,48,62,0,NA
S0342,CS,F,2,7.8,77,71,72,51,0,0,0,63,56,50,0,NA
S0343,EC,M,3,7.65,90,75,83,68,0,0,0,49,79,56,1,IT Support
S0344,EC,M,4,8.58,94,80,93,52,3,0,0,66,78,67,1,IT Support
S0345,IT,F,4,7.4,78,78,66,39,1,1,0,80,26,56,0,NA
S0346,IT,M,3,8.76,94,60,55,63,0,0,2,43,49,52,0,NA
S0347,CS,F,4,6.95,91,82,59,53,1,0,3,70,53,73,1,DevOps
S0348,CE,M,2,6.62,85,70,89,57,0,0,2,50,74,47,0,NA
S0349,IT,F,4,6.34,71,38,72,79,2,0,0,96,80,79,0,NA
S0350,EC,M,3,7.61,88,72,91,84,2,0,1,70,70,87,0,NA
S0351,CS,F,3,7.58,80,75,53,49,2,0,2,46,55,37,1,DevOps
S0352,ME,F,2,7.97,76,91,80,55,2,0,0,22,48,42,0,NA
S0353,ME,F,2,8.0,82,74,57,57,2,0,0,69,54,53,0,NA
S0354,CE,F,3,6.36,90,81,38,84,2,0,2,68,67,67,0,NA
S0355,CE,M,4,6.41,92,59,63,61,1,0,1,61,66,66,1,SDE
S0356,CS,F,3,7.37,82,70,80,48,1,0,1,77,57,69,0,NA
S0357,ME,M,4,9.13,68,71,85,53,3,1,0,43,62,39,1,DevOps
S0358,EC,F,2,8.31,79,60,68,42,0,1,1,96,57,59,0,NA
S0359,CE,F,4,8.73,84,100,67,48,1,0,0,70,59,59,1,SDE
S0360,IT,M,2,7.22,97,72,89,61,2,0,0,78,66,62,0,NA
S0361,EC,M,4,7.57,64,89,59,59,1,0,1,53,79,51,1,IT Support
S0362,CS,M,2,7.86,97,59,56,74,1,1,1,68,47,70,1,QA
S0363,CS,M,3,5.48,56,69,58,55,2,0,1,87,53,77,0,NA
S0364,EC,M,3,9.72,90,62,83,51,1,1,0,55,63,41,0,NA
S0365,CE,M,4,6.86,100,51,64,69,0,1,0,27,51,55,0,NA
S0366,CS,F,4,8.19,96,83,76,58,0,1,1,48,54,59,1,DevOps
S0367,IT,F,2,6.85,68,45,41,50,0,1,1,65,27,67,0,NA
S0368,EC,M,2,8.17,90,79,69,81,3,1,2,50,79,69,1,QA
S0369,EC,M,4,7.63,73,96,86,64,3,0,1,54,77,54,1,QA
S0370,ME,M,2,7.41,100,73,50,59,1,1,1,57,38,65,0,NA
S0371,CE,M,4,4.4,86,43,56,88,0,0,2,100,69,89,0,NA
S0372,CE,M,3,7.89,78,73,55,75,0,0,0,48,73,65,1,DevOps
S0373,EC,M,4,7.76,95,65,51,64,1,0,4,43,70,50,0,NA
S0374,ME,F,4,6.4,53,66,66,34,1,0,2,40,46,33,0,NA
S0375,CS,M,3,6.62,79,34,55,57,1,0,2,57,45,48,0,NA
S0376,EC,M,4,6.76,91,85,56,69,0,0,0,21,58,49,0,NA
S0377,ME,M,4,8.82,76,83,70,58,1,0,2,56,65,64,1,Data Analyst
S0378,CE,M,3,8.51,97,66,76,62,0,0,0,89,85,68,0,NA
S0379,EC,M,2,7.3,76,69,77,60,1,1,1,88,37,99,1,DevOps
S0380,IT,M,3,7.61,91,58,69,50,1,0,0,68,43,51,0,NA
S0381,CE,M,3,7.69,84,70,59,100,1,0,0,87,63,97,1,DevOps
S0382,IT,M,3,8.08,91,59,64,66,4,0,1,44,67,50,1,DevOps
S0383,CS,F,4,7.73,91,56,47,47,1,0,0,57,55,58,1,QA
S0384,IT,F,3,6.12,70,66,51,43,1,0,0,72,62,38,0,NA
S0385,EC,M,2,6.23,87,77,53,77,3,0,2,85,70,75,0,NA
S0386,ME,F,3,7.43,76,59,49,56,2,1,0,55,52,67,0,NA
S0387,IT,M,4,7.21,79,45,89,97,1,0,1,83,95,100,0,NA
S0388,ME,F,4,6.58,91,78,66,67,1,0,1,58,58,60,0,NA
S0389,ME,M,4,8.53,78,61,23,43,1,0,2,86,57,67,0,NA
S0390,EC,F,3,7.79,83,77,99,63,2,0,0,61,70,37,1,SDE
S0391,IT,F,2,8.21,100,83,56,51,1,0,2,50,44,49,1,IT Support
S0392,CS,F,4,7.56,87,59,68,72,2,1,1,62,50,64,1,Data Analyst
S0393,CE,M,3,9.78,72,63,73,80,1,1,1,60,79,79,1,DevOps
S0394,EC,F,4,9.69,78,100,88,72,0,0,3,26,55,48,1,IT Support
S0395,CS,M,4,7.93,93,66,75,57,1,1,0,74,77,61,1,SDE
S0396,EC,F,2,7.16,71,76,62,59,2,0,1,92,67,59,0,NA
S0397,IT,F,4,9.04,85,100,100,40,0,0,0,64,81,75,0,NA
S0398,CS,F,4,6.76,84,81,66,69,0,0,1,54,52,53,0,NA
S0399,IT,M,2,6.73,85,79,72,65,3,0,0,61,62,88,0,NA
S0400,IT,F,4,8.15,84,52,37,65,0,0,0,90,47,76,1,QA
S0401,CE,M,2,6.85,91,63,49,65,3,1,2,73,63,64,0,NA
S0402,ME,M,3,6.81,78,55,73,77,3,0,0,51,83,67,1,Data Analyst
S0403,ME,M,2,6.28,89,60,29,54,1,0,0,43,72,55,1,IT Support
S0404,ME,F,3,8.29,94,63,70,49,0,0,0,37,75,33,0,NA
S0405,EC,F,3,6.2,66,59,60,62,1,0,3,51,64,50,0,NA
S0406,EC,M,3,6.86,84,72,53,29,2,0,0,51,44,38,0,NA
S0407,ME,M,3,9.88,93,96,73,46,0,0,1,61,63,58,1,DevOps
S0408,CS,M,3,6.66,91,63,21,42,1,0,1,66,38,63,0,NA
S0409,ME,M,3,6.76,100,69,47,89,2,0,1,67,67,92,0,NA
S0410,EC,F,4,6.9,69,76,72,46,0,0,0,49,49,43,1,IT Support
S0411,CS,M,3,5.87,100,78,44,59,1,0,0,68,64,58,0,NA
S0412,ME,F,4,7.86,94,74,41,86,0,1,0,67,45,63,1,DevOps
S0413,IT,F,2,8.18,74,75,96,78,1,0,2,84,82,62,0,NA
S0414,CE,F,2,7.58,92,78,73,58,3,0,1,53,77,48,1,DevOps
S0415,ME,M,2,7.23,97,54,69,50,3,1,0,54,62,40,0,NA
S0416,CE,M,2,7.68,75,67,89,40,1,0,0,46,79,41,0,NA
S0417,EC,F,4,6.73,80,55,48,51,0,1,1,75,29,57,0,NA
S0418,CS,M,4,7.76,84,66,60,68,1,1,3,0,57,42,1,QA
S0419,CS,F,2,7.15,65,56,60,48,0,0,1,60,61,62,0,NA
S0420,EC,F,2,6.26,73,44,59,65,1,1,1,74,55,74,1,DevOps
S0421,IT,M,2,6.59,100,75,62,79,0,1,1,29,54,32,0,NA
S0422,CE,M,2,8.59,70,79,70,51,2,0,0,63,46,53,1,QA
S0423,EC,F,4,7.5,90,70,54,71,1,0,1,51,53,67,1,SDE
S0424,CE,M,3,8.18,84,56,64,20,3,1,1,75,32,29,1,Data Analyst
S0425,EC,F,3,6.19,92,67,66,21,1,0,0,49,38,23,0,NA
S0426,IT,M,2,6.15,100,65,34,47,1,0,1,62,38,45,1,Data Analyst
S0427,EC,M,3,7.46,91,83,54,28,3,0,1,59,45,40,1,SDE
S0428,IT,M,4,7.33,100,63,66,52,2,1,1,81,60,70,1,DevOps
S0429,EC,M,3,8.91,72,53,73,52,1,0,3,62,64,43,0,NA
S0430,CE,F,4,7.8,87,59,38,36,0,1,0,57,34,45,0,NA
S0431,IT,F,4,9.3,93,72,90,58,0,1,1,62,81,37,1,Data Analyst
S0432,CE,F,2,6.75,78,75,52,44,2,0,0,47,51,61,0,NA
S0433,CS,M,2,7.34,100,50,60,40,2,1,0,79,70,36,0,NA
S0434,ME,M,2,7.01,98,50,72,58,1,0,2,72,64,72,0,NA
S0435,EC,M,4,7.71,82,74,64,90,1,0,0,64,62,76,1,Data Analyst
S0436,CS,F,3,6.52,65,52,65,39,2,0,0,60,47,64,0,NA
S0437,EC,F,3,8.69,100,65,70,49,1,1,0,67,64,55,1,DevOps
S0438,ME,F,4,6.06,91,67,53,81,2,0,2,47,74,81,0,NA
S0439,ME,F,2,7.59,74,64,86,52,0,0,1,59,92,50,1,IT Support
S0440,ME,F,4,9.22,84,81,95,53,1,1,0,67,75,62,1,QA
S0441,EC,M,3,7.2,70,86,76,57,2,0,2,70,83,72,0,NA
S0442,IT,F,2,5.82,82,57,28,48,1,0,2,77,20,62,0,NA
S0443,IT,M,3,8.19,92,44,96,100,1,0,0,60,100,93,1,IT Support
S0444,EC,M,2,7.35,90,67,46,47,1,1,1,45,47,28,1,SDE
S0445,EC,M,4,8.68,100,77,77,54,1,1,1,52,64,59,1,IT Support
S0446,IT,M,4,6.91,84,34,74,97,2,1,1,48,63,75,1,DevOps
S0447,IT,F,2,8.36,88,77,65,66,1,0,0,54,60,77,1,QA
S0448,EC,M,2,8.07,74,65,28,32,2,0,1,37,32,31,0,NA
S0449,IT,M,3,6.87,85,69,46,56,1,1,2,30,50,33,1,DevOps
S0450,CS,M,4,5.23,82,42,60,34,1,1,1,49,47,46,0,NA
S0451,IT,F,2,6.91,83,53,99,43,1,0,0,100,61,77,0,NA
S0452,CS,M,4,7.95,81,70,83,45,0,0,1,46,62,51,0,NA
S0453,IT,F,2,10.0,61,75,52,85,2,0,1,54,73,76,1,IT Support
S0454,EC,M,4,8.68,86,38,68,100,0,1,2,55,72,80,1,QA
S0455,EC,M,3,5.06,91,43,56,39,3,0,1,54,69,37,1,DevOps
S0456,ME,M,3,7.66,98,64,66,43,0,0,1,76,39,53,0,NA
S0457,IT,M,4,6.04,100,35,52,56,1,0,0,86,43,77,0,NA
S0458,IT,M,3,6.12,67,27,50,52,2,0,0,47,49,51,0,NA
S0459,CS,F,4,6.85,81,54,67,65,1,0,0,41,56,56,0,NA
S0460,EC,M,2,5.85,80,73,63,38,0,0,0,50,47,51,0,NA
S0461,IT,M,4,8.6,81,90,100,82,0,1,1,49,100,65,1,QA
S0462,IT,M,4,7.35,95,53,60,56,1,0,3,2,38,20,0,NA
S0463,IT,M,4,8.15,74,89,74,71,1,0,3,61,75,57,0,NA
S0464,CS,F,4,6.53,77,64,20,76,1,0,1,68,43,69,1,DevOps
S0465,CE,F,3,7.5,69,74,83,54,1,0,0,83,70,68,1,IT Support
S0466,CS,M,4,8.2,79,74,74,87,1,0,0,40,100,72,0,NA
S0467,IT,F,2,8.35,97,76,62,74,1,1,0,60,76,45,1,Data Analyst
S0468,ME,M,2,7.79,72,75,73,76,1,0,1,84,93,74,1,DevOps
S0469,EC,M,3,8.0,92,84,48,61,1,0,0,35,36,59,1,DevOps
S0470,CS,M,3,6.56,79,59,77,57,1,1,2,28,72,33,1,SDE
S0471,CE,M,3,8.29,88,85,70,59,1,1,1,93,77,60,1,QA
S0472,ME,M,4,7.46,80,56,33,42,2,0,1,49,44,52,0,NA
S0473,IT,M,2,8.45,97,100,67,62,2,0,3,51,68,71,0,NA
S0474,CE,M,4,9.27,100,99,87,99,1,1,1,72,100,80,1,SDE
S0475,CE,F,4,7.16,90,75,68,48,1,0,3,94,76,74,0,NA
S0476,ME,F,3,6.2,78,49,58,56,3,0,1,75,55,56,0,NA
S0477,ME,F,4,9.15,100,86,82,72,0,0,0,37,66,65,1,SDE
S0478,IT,F,3,6.33,88,48,80,48,1,0,0,69,53,67,0,NA
S0479,ME,M,2,7.39,86,55,71,84,2,0,0,44,77,82,0,NA
S0480,ME,F,4,6.7,73,79,52,58,1,1,0,79,54,75,1,DevOps
S0481,IT,M,3,8.83,100,68,50,76,0,1,0,77,53,67,1,SDE
S0482,ME,M,2,6.78,81,68,53,51,0,0,0,72,50,52,0,NA
S0483,CS,F,3,5.82,86,30,73,41,2,1,0,24,46,33,1,SDE
S0484,IT,M,2,6.16,81,94,43,41,2,0,2,90,41,78,1,IT Support
S0485,EC,F,3,8.48,91,71,39,27,0,0,0,28,26,20,0,NA
S0486,ME,F,3,7.59,94,98,79,86,0,0,1,35,76,66,1,IT Support
S0487,IT,M,3,6.61,68,63,41,51,2,0,0,87,48,78,1,Data Analyst
S0488,ME,M,4,8.33,78,76,66,57,2,0,0,10,70,22,1,Data Analyst
S0489,CE,M,2,7.28,75,86,83,54,3,0,0,69,100,64,1,DevOps
S0490,CE,M,4,5.27,80,67,59,52,0,0,2,38,48,46,0,NA
S0491,EC,M,4,9.54,88,73,84,52,1,0,0,52,67,47,0,NA
S0492,IT,M,4,6.29,85,63,64,73,0,0,1,80,85,73,0,NA
S0493,CE,F,2,8.93,82,81,94,54,1,0,0,41,84,46,1,IT Support
S0494,CE,M,2,8.46,96,43,91,53,1,1,1,77,80,54,0,NA
S0495,IT,F,2,9.82,79,93,80,81,2,0,1,59,97,71,1,SDE
S0496,CS,M,2,6.22,92,63,56,54,1,1,1,50,43,50,0,NA
S0497,CS,M,2,8.47,91,47,55,56,2,1,0,28,30,39,1,SDE
S0498,IT,F,2,5.77,100,82,47,70,0,0,1,70,34,68,1,IT Support
S0499,EC,F,2,7.24,83,82,89,62,3,0,0,81,100,57,0,NA
S0500,CE,M,4,6.23,89,86,59,58,1,0,1,91,47,82,1,Data Analyst
S0501,CS,M,3,5.67,87,45,62,40,0,0,2,78,57,72,0,NA
S0502,EC,M,2,8.98,74,72,65,60,0,0,2,70,68,62,1,DevOps
S0503,CE,M,2,7.73,68,77,53,36,2,0,1,26,38,29,0,NA
S0504,EC,M,2,6.15,82,68,69,32,1,0,1,57,45,38,0,NA
S0505,EC,F,2,5.25,88,52,71,44,1,0,0,47,49,46,0,NA
S0506,CE,M,4,8.16,83,93,51,48,0,0,0,52,55,43,1,Data Analyst
S0507,EC,F,4,5.43,94,100,60,41,2,0,1,39,25,47,1,DevOps
S0508,CS,M,2,8.2,100,67,46,62,0,0,2,86,59,66,0,NA
S0509,IT,F,3,7.43,81,85,45,62,4,0,1,32,68,51,1,SDE
S0510,ME,M,3,8.07,78,89,42,39,0,0,1,85,41,79,0,NA
S0511,CE,M,2,7.15,84,60,80,79,1,0,2,65,86,76,0,NA
S0512,CS,M,2,7.28,85,73,76,75,0,0,0,39,69,46,1,SDE
S0513,CE,F,3,4.25,96,27,76,73,3,0,0,51,65,61,0,NA
S0514,CS,F,2,7.39,96,77,92,60,3,0,2,86,74,59,0,NA
S0515,ME,M,2,8.23,90,70,63,75,0,1,1,69,55,62,1,IT Support
S0516,ME,F,2,7.21,87,62,38,78,2,0,0,62,33,57,0,NA
S0517,EC,F,4,5.66,98,50,46,29,1,0,1,94,42,61,0,NA
S0518,IT,M,4,6.69,86,51,66,70,1,1,3,79,41,93,1,SDE
S0519,ME,M,3,5.12,86,61,53,47,0,0,2,19,52,21,0,NA
S0520,CS,M,2,7.11,77,54,58,64,0,1,1,33,56,48,0,NA
S0521,EC,F,4,5.92,79,68,38,35,3,1,1,53,29,62,0,NA
S0522,CS,M,4,7.88,75,76,68,64,1,1,1,58,76,33,1,DevOps
S0523,CE,F,3,7.05,67,66,63,52,3,0,4,64,38,58,1,DevOps
S0524,IT,M,3,7.18,87,76,65,60,0,0,1,62,68,53,1,IT Support
S0525,CS,M,2,8.27,86,58,62,79,1,0,3,78,43,64,1,DevOps
S0526,EC,M,3,8.72,61,72,68,70,2,0,2,81,81,74,1,Data Analyst
S0527,IT,M,4,8.53,90,56,100,88,1,0,1,61,81,92,1,DevOps
S0528,EC,M,2,7.03,86,86,73,55,3,0,3,67,45,46,1,SDE
S0529,CE,M,2,8.16,80,73,63,52,0,0,2,39,34,21,0,NA
S0530,IT,M,2,7.58,100,81,76,62,3,0,1,59,88,54,0,NA
S0531,CE,M,2,7.33,73,91,52,68,4,0,2,33,74,50,1,IT Support
S0532,CE,F,3,5.98,92,53,71,77,0,0,1,83,80,85,0,NA
S0533,ME,F,3,9.04,100,70,99,52,1,0,0,41,64,53,1,DevOps
S0534,CE,M,2,6.08,80,33,80,88,0,0,2,13,83,45,0,NA
S0535,EC,M,4,9.27,90,68,65,59,0,0,0,37,67,40,0,NA
S0536,IT,M,2,7.02,89,40,84,37,0,0,0,75,82,47,0,NA
S0537,CS,M,3,7.51,81,74,69,48,3,0,0,100,78,74,1,DevOps
S0538,IT,M,3,7.65,82,58,85,51,3,1,1,96,58,80,1,DevOps
S0539,CS,M,4,7.91,91,49,62,39,0,0,0,42,24,31,0,NA
S0540,IT,F,3,6.77,83,66,48,34,1,0,1,96,43,56,0,NA
S0541,CS,M,4,6.79,79,53,43,54,0,0,2,30,55,47,1,Data Analyst
S0542,IT,F,3,6.34,81,48,45,24,1,1,0,86,26,66,1,DevOps
S0543,IT,M,4,7.07,93,77,99,59,1,0,1,0,84,22,1,SDE
S0544,EC,M,4,6.47,82,46,62,83,0,0,3,57,69,66,0,NA
S0545,IT,F,2,7.07,94,84,82,36,1,0,1,81,71,45,1,QA
S0546,CE,F,2,6.04,78,45,27,53,1,0,2,96,53,76,0,NA
S0547,EC,M,2,7.73,86,57,100,59,2,0,0,59,100,70,1,Data Analyst
S0548,IT,M,3,7.8,87,58,100,96,2,0,0,77,94,79,1,SDE
S0549,ME,F,2,7.91,71,62,69,75,3,0,0,48,68,61,1,SDE
S0550,ME,M,2,8.29,67,82,68,71,2,0,3,75,65,77,1,Data Analyst
S0551,IT,M,3,9.74,57,75,100,81,0,0,1,100,100,100,1,IT Support
S0552,CE,F,3,6.14,79,68,42,79,0,1,1,84,33,73,0,NA
S0553,ME,M,3,7.3,89,71,75,37,1,0,0,71,69,40,0,NA
S0554,ME,F,2,8.55,88,74,43,51,2,0,1,59,49,45,1,QA
S0555,IT,M,4,7.37,77,37,78,75,1,0,1,86,83,78,0,NA
S0556,ME,M,4,5.99,90,50,38,26,1,1,0,55,53,42,0,NA
S0557,CS,M,4,6.04,96,70,28,93,0,0,0,58,45,84,0,NA
S0558,IT,M,4,5.57,83,22,62,44,2,0,0,63,50,65,0,NA
S0559,IT,M,2,6.66,91,56,47,49,1,1,2,59,47,52,0,NA
S0560,CE,M,2,6.78,78,70,73,63,1,0,0,10,62,51,0,NA
S0561,CS,M,3,8.87,77,84,89,51,1,0,1,73,66,51,0,NA
S0562,EC,M,3,8.05,71,59,69,89,2,0,1,57,95,76,1,SDE
S0563,CS,M,3,6.8,89,52,55,49,3,0,0,72,81,54,0,NA
S0564,EC,F,4,7.42,94,78,72,68,1,0,1,57,71,79,1,Data Analyst
S0565,CS,F,3,7.78,99,49,90,100,1,1,2,52,81,58,1,Data Analyst
S0566,EC,F,2,9.53,100,60,80,43,0,1,2,59,64,58,0,NA
S0567,IT,M,4,7.9,83,74,75,53,0,0,1,44,61,44,1,QA
S0568,CE,M,3,8.2,78,69,72,32,0,0,3,30,60,49,0,NA
S0569,ME,M,3,9.61,72,89,79,62,3,1,0,43,66,51,1,Data Analyst
S0570,EC,M,3,8.37,85,74,58,32,3,0,1,64,65,44,1,IT Support
S0571,ME,F,3,9.47,84,96,60,75,2,0,0,80,65,76,1,IT Support
S0572,CS,M,4,6.68,74,52,83,53,1,0,1,49,81,55,1,DevOps
S0573,ME,F,4,6.45,75,55,48,59,1,0,0,21,57,21,1,DevOps
S0574,CS,F,3,7.35,77,68,70,71,2,0,1,89,77,80,0,NA
S0575,ME,M,4,7.74,88,68,38,54,1,0,1,84,30,60,0,NA
S0576,ME,F,3,6.6,99,49,64,52,2,1,1,83,48,74,1,Data Analyst
S0577,CS,F,2,8.1,94,65,99,55,0,0,1,89,100,67,0,NA
S0578,CS,M,3,7.96,91,78,77,76,0,0,1,67,72,74,0,NA
S0579,ME,M,3,7.71,100,64,90,55,1,1,2,42,82,37,1,Data Analyst
S0580,CS,M,4,7.12,91,37,86,79,1,0,3,61,73,84,1,IT Support
S0581,CS,F,3,7.48,82,60,67,43,1,0,1,80,38,63,0,NA
S0582,IT,M,2,7.96,75,63,76,50,1,0,2,58,41,69,0,NA
S0583,IT,F,4,6.77,94,60,84,69,0,0,0,68,63,57,0,NA
S0584,ME,M,4,6.68,90,59,56,51,0,1,1,13,47,20,0,NA
S0585,EC,F,2,7.18,81,59,77,76,1,0,0,53,75,81,0,NA
S0586,CS,M,4,7.53,93,59,29,63,0,1,3,66,55,49,0,NA
S0587,EC,M,2,7.75,93,64,55,48,1,0,1,60,58,53,1,IT Support
S0588,CE,F,2,9.23,86,87,80,52,0,0,0,15,67,21,1,SDE
S0589,CE,M,4,7.72,80,50,77,89,1,0,3,55,94,71,1,Data Analyst
S0590,CE,F,2,8.52,80,50,37,73,0,0,0,72,39,59,0,NA
S0591,CS,M,3,6.76,81,72,62,71,2,0,2,86,69,73,0,NA
S0592,CE,F,3,5.97,73,72,63,79,1,0,0,59,52,57,0,NA
S0593,CE,M,4,6.78,76,46,66,52,1,1,1,69,51,75,1,Data Analyst
S0594,CS,M,3,7.46,61,49,54,53,1,0,3,58,61,47,0,NA
S0595,CE,M,3,7.87,82,75,84,65,0,0,0,64,91,57,1,QA
S0596,ME,M,3,8.45,68,55,67,50,1,0,1,66,53,57,0,NA
S0597,EC,M,4,5.47,85,52,38,71,2,0,0,73,44,64,0,NA
S0598,CS,M,3,8.15,85,78,51,60,0,0,0,85,68,63,1,IT Support
S0599,CE,F,2,8.21,75,67,98,53,0,0,2,90,50,72,1,Data Analyst
S0600,CS,M,3,7.72,97,42,61,46,3,1,1,29,62,29,1,IT Support
S0601,IT,M,3,8.07,91,80,54,49,0,0,1,82,35,67,0,NA
S0602,ME,M,2,6.66,77,60,20,40,0,0,1,42,41,50,0,NA
S0603,CS,F,3,6.94,79,61,94,76,2,0,1,76,71,84,0,NA
S0604,ME,M,2,6.84,94,52,58,82,0,0,0,59,79,71,1,Data Analyst
S0605,CE,F,2,7.25,88,85,78,51,0,0,2,83,45,80,1,Data Analyst
S0606,ME,M,2,7.87,86,92,74,55,0,0,0,60,65,40,0,NA
S0607,EC,F,2,7.71,91,79,66,50,0,0,2,71,45,61,0,NA
S0608,IT,M,4,8.31,77,72,75,47,1,0,2,100,78,73,1,SDE
S0609,ME,F,2,9.04,87,60,100,79,3,0,0,41,100,57,1,SDE
S0610,EC,M,2,7.61,100,70,69,62,2,0,0,47,67,52,0,NA
S0611,CS,F,2,6.16,81,62,26,39,1,0,1,46,20,57,0,NA
S0612,ME,F,3,8.08,83,72,64,61,0,0,1,63,69,70,0,NA
S0613,IT,M,3,7.79,79,82,78,47,2,1,0,52,70,46,1,Data Analyst
S0614,EC,M,2,6.5,100,37,53,61,2,0,4,79,49,66,0,NA
S0615,EC,M,2,8.28,88,52,90,52,0,0,1,36,58,59,1,DevOps
S0616,CE,F,3,7.04,74,78,79,45,2,0,1,74,54,62,0,NA
S0617,ME,F,2,7.41,78,66,42,34,1,1,2,86,35,73,1,Data Analyst
S0618,ME,F,4,8.83,83,54,67,38,0,0,2,37,67,44,0,NA
S0619,ME,M,3,7.84,90,66,79,57,0,0,0,60,59,52,1,Data Analyst
S0620,ME,F,4,6.81,89,83,84,44,1,0,0,85,67,49,0,NA
S0621,ME,F,4,6.17,90,74,58,68,1,1,1,10,45,43,1,SDE
S0622,IT,F,2,8.81,96,74,100,74,1,0,0,83,79,77,0,NA
S0623,ME,M,4,8.85,100,73,100,68,1,1,0,52,77,55,1,IT Support
S0624,CE,M,2,7.8,88,89,38,40,0,1,2,76,27,65,1,IT Support
S0625,ME,M,4,5.49,86,49,42,41,0,0,1,59,47,47,0,NA
S0626,CE,F,3,8.71,84,98,91,54,0,0,0,100,82,96,1,IT Support
S0627,ME,M,2,7.47,79,64,80,82,3,1,0,71,79,75,1,SDE
S0628,IT,M,2,6.06,80,64,55,60,1,0,1,84,35,62,0,NA
S0629,EC,M,3,8.76,56,74,54,47,0,1,1,48,61,59,1,DevOps
S0630,EC,M,3,5.95,70,58,99,63,1,0,1,56,83,62,0,NA
S0631,CE,M,3,6.87,77,44,65,43,0,0,1,36,54,36,0,NA
S0632,CE,M,3,6.72,81,76,66,68,1,0,3,85,67,72,0,NA
S0633,EC,M,4,6.9,90,65,33,66,2,1,0,51,43,66,0,NA
S0634,IT,M,2,7.37,70,49,51,67,0,0,2,57,72,73,0,NA
S0635,CE,F,4,7.46,79,43,52,24,2,1,1,41,32,43,0,NA
S0636,IT,F,2,5.74,72,45,54,42,1,0,1,66,42,52,0,NA
S0637,CS,M,3,8.38,75,69,78,58,1,1,0,71,71,82,1,IT Support
S0638,IT,M,2,8.23,75,74,48,49,0,0,2,30,51,33,1,Data Analyst
S0639,CS,M,4,6.81,92,36,45,39,2,0,2,64,62,58,1,IT Support
S0640,CE,F,3,7.24,97,54,61,72,3,0,1,66,85,84,1,DevOps
S0641,EC,M,4,7.51,94,69,67,40,3,0,0,59,49,46,0,NA
S0642,CE,M,3,7.61,94,77,100,100,1,0,0,61,95,76,0,NA
S0643,EC,M,4,7.03,77,91,90,71,1,0,3,50,98,40,1,SDE
S0644,CE,M,4,9.67,73,94,68,53,1,1,0,78,63,58,1,Data Analyst
S0645,CS,F,4,7.25,92,66,33,22,4,0,1,48,30,34,0,NA
S0646,IT,F,2,5.86,82,57,57,69,3,0,1,100,64,98,0,NA
S0647,ME,M,3,7.84,88,75,57,32,0,0,0,48,54,29,0,NA
S0648,CE,F,3,7.67,90,51,54,62,0,0,1,39,70,44,0,NA
S0649,ME,M,2,8.31,55,56,89,67,1,0,1,39,98,56,0,NA
S0650,ME,M,2,9.47,88,74,98,88,1,1,0,50,100,76,0,NA
S0651,ME,M,3,7.63,79,40,54,59,1,0,3,42,46,45,0,NA
S0652,CS,M,4,8.94,66,97,85,49,1,1,0,60,76,59,1,QA
S0653,IT,M,2,7.65,92,83,75,47,4,1,2,32,77,64,1,IT Support
S0654,EC,M,3,7.12,88,74,88,41,3,0,1,48,71,33,0,NA
S0655,EC,F,3,6.18,80,74,66,68,2,0,1,67,64,65,1,Data Analyst
S0656,EC,F,2,8.33,69,86,81,41,1,0,0,62,44,37,0,NA
S0657,CS,M,3,9.07,81,62,93,79,2,0,6,63,62,82,0,NA
S0658,CE,M,2,8.85,61,100,45,46,2,0,0,59,55,42,1,IT Support
S0659,CE,F,3,7.44,85,58,58,62,0,0,2,78,54,86,0,NA
S0660,EC,F,3,6.73,84,54,76,57,1,1,3,63,52,55,1,IT Support
S0661,CE,F,2,7.69,76,78,100,55,1,1,2,66,66,54,1,IT Support
S0662,IT,F,4,8.28,73,72,44,60,1,0,0,73,35,80,0,NA
S0663,ME,M,4,8.1,99,52,61,58,0,0,0,90,51,81,0,NA
S0664,EC,F,3,9.71,71,73,80,91,2,0,0,33,76,74,1,QA
S0665,ME,M,3,7.39,79,52,80,71,1,0,1,84,68,95,1,SDE
S0666,CS,F,3,8.55,76,63,84,63,3,0,0,71,62,79,0,NA
S0667,CS,M,3,8.53,79,70,70,46,1,0,0,25,54,30,1,SDE
S0668,CS,M,3,7.98,98,88,83,73,2,0,1,93,78,100,1,IT Support
S0669,CS,F,4,5.95,86,54,42,56,4,1,2,26,60,43,0,NA
S0670,CE,M,2,7.5,78,89,42,45,2,1,2,77,43,51,1,DevOps
S0671,CE,F,4,7.66,100,59,65,78,0,1,0,96,93,65,1,Data Analyst
S0672,ME,M,4,7.32,91,63,53,62,1,0,1,100,52,91,0,NA
S0673,CE,M,2,7.09,81,67,30,73,2,0,1,68,37,76,0,NA
S0674,EC,M,2,7.49,75,44,81,73,1,1,0,91,73,93,1,IT Support
S0675,CS,F,3,6.27,79,56,86,64,1,0,0,56,70,61,0,NA
S0676,IT,M,2,8.01,78,94,57,75,1,0,0,63,68,57,0,NA
S0677,CE,M,4,7.06,72,83,80,73,2,0,2,58,64,58,1,DevOps
S0678,CS,M,4,8.65,97,89,81,79,2,0,1,58,83,58,1,DevOps
S0679,CE,M,4,8.37,88,55,98,97,1,1,3,62,98,81,1,Data Analyst
S0680,CE,M,2,7.47,94,100,42,53,1,0,0,36,66,38,0,NA
S0681,ME,F,2,7.64,90,71,66,66,3,0,0,88,49,59,1,SDE
S0682,ME,M,3,8.61,90,82,77,70,1,1,1,43,74,35,1,QA
S0683,ME,F,3,7.91,82,62,68,64,1,0,2,22,83,28,0,NA
S0684,EC,M,4,8.31,82,45,100,73,1,0,1,62,97,72,0,NA
S0685,CE,M,4,7.83,89,89,55,60,1,0,1,55,56,52,0,NA
S0686,IT,M,3,9.13,86,99,70,53,1,0,1,35,75,42,0,NA
S0687,IT,M,2,6.51,73,72,95,58,5,1,0,42,72,70,1,QA
S0688,IT,M,4,7.56,82,50,35,46,1,0,1,77,51,56,0,NA
S0689,EC,F,2,7.9,64,56,69,68,4,1,1,75,74,74,1,IT Support
S0690,ME,F,3,9.26,93,57,95,84,0,0,1,92,98,82,1,Data Analyst
S0691,CS,M,2,8.21,84,62,47,77,3,0,1,71,73,86,1,DevOps
S0692,EC,M,4,7.0,91,93,51,32,0,0,2,19,62,20,0,NA
S0693,CS,M,4,7.07,68,72,88,68,0,0,2,43,66,47,0,NA
S0694,IT,M,2,7.22,72,74,54,25,2,0,2,52,49,35,1,QA
S0695,IT,F,3,6.56,74,45,99,74,1,1,0,66,74,71,1,SDE
S0696,IT,F,2,6.43,75,80,68,48,0,1,0,77,55,65,0,NA
S0697,CE,M,4,6.76,65,74,93,73,1,0,1,22,69,53,1,QA
S0698,CS,F,2,7.72,71,75,55,20,4,0,2,75,35,50,0,NA
S0699,IT,M,2,6.75,90,36,74,66,1,0,1,54,75,58,0,NA
S0700,CE,F,3,7.23,81,61,84,83,0,0,3,68,100,71,1,Data Analyst
S0701,IT,F,4,8.32,75,76,71,70,1,1,2,55,67,79,1,Data Analyst
S0702,EC,M,4,7.17,71,74,91,48,1,1,2,79,75,53,1,DevOps
S0703,IT,F,2,6.82,93,75,83,71,0,0,2,21,61,49,0,NA
S0704,IT,M,3,4.98,86,51,35,28,2,0,1,45,32,43,0,NA
S0705,CE,M,2,6.72,82,42,61,61,2,0,3,60,42,62,0,NA
S0706,ME,M,4,8.78,84,70,91,71,0,0,1,37,60,47,0,NA
S0707,CS,M,4,7.14,90,68,53,76,0,0,1,36,85,50,1,IT Support
S0708,EC,F,3,8.99,92,88,67,36,2,0,0,89,68,57,1,Data Analyst
S0709,CS,M,2,7.36,88,87,59,89,0,0,0,99,78,100,1,QA
S0710,IT,F,4,8.72,86,54,53,59,2,0,1,50,65,58,0,NA
S0711,IT,M,4,7.62,77,61,73,64,2,1,0,84,81,70,0,NA
S0712,ME,F,4,10.0,86,92,92,68,1,0,2,55,89,67,1,QA
S0713,ME,M,4,8.72,100,77,80,40,3,0,1,49,50,53,1,QA
S0714,IT,M,3,7.25,80,58,74,71,2,0,3,64,66,66,0,NA
S0715,EC,F,2,7.2,100,61,78,73,2,0,1,52,69,74,0,NA
S0716,CS,F,2,6.47,80,60,54,54,0,1,0,66,46,70,1,IT Support
S0717,CE,M,3,5.79,88,57,86,50,4,0,2,23,70,36,0,NA
S0718,EC,M,4,9.16,80,68,72,44,0,1,0,25,49,35,1,SDE
S0719,IT,M,3,7.75,93,46,52,75,1,0,2,70,52,68,1,QA
S0720,IT,M,2,6.8,74,73,100,58,0,0,0,50,78,60,1,IT Support
S0721,CE,M,4,6.61,96,43,78,84,1,0,3,67,80,64,1,DevOps
S0722,CE,M,3,6.56,80,69,64,75,0,0,1,65,60,68,0,NA
S0723,IT,F,3,6.66,74,100,58,29,0,0,0,89,47,53,1,Data Analyst
S0724,CE,F,2,7.25,65,93,58,81,1,0,1,85,70,72,0,NA
S0725,ME,M,4,6.66,92,66,20,57,3,0,0,67,61,52,0,NA
S0726,CE,M,3,7.22,80,54,59,75,1,0,2,62,47,87,0,NA
S0727,EC,M,2,8.58,84,70,46,51,0,0,3,40,43,41,1,IT Support
S0728,IT,F,3,10.0,91,90,69,68,1,1,1,55,74,59,1,DevOps
S0729,CE,M,3,7.44,79,76,79,63,0,0,1,76,82,71,0,NA
S0730,CS,M,2,8.11,81,75,80,47,1,1,2,63,58,58,1,QA
S0731,ME,M,2,7.55,83,42,50,73,3,1,1,68,54,73,1,IT Support
S0732,IT,M,2,8.03,67,94,53,25,0,0,2,59,29,59,0,NA
S0733,ME,F,2,8.27,92,31,57,39,5,1,1,68,56,49,1,SDE
S0734,ME,F,2,7.47,80,79,48,44,0,0,0,62,41,66,1,DevOps
S0735,CE,M,2,6.61,84,57,53,50,0,0,2,79,52,62,0,NA
S0736,CE,F,4,7.96,93,70,81,56,0,0,2,76,78,57,1,QA
S0737,CS,F,3,6.51,69,46,68,58,2,0,0,82,51,70,0,NA
S0738,CE,F,4,5.91,91,67,47,62,1,0,0,56,56,74,0,NA
S0739,EC,M,3,8.55,82,78,73,60,2,0,0,65,62,66,1,DevOps
S0740,ME,F,2,8.93,66,64,74,67,1,0,0,91,73,94,0,NA
S0741,CE,M,2,5.93,87,62,79,70,2,0,0,35,77,52,0,NA
S0742,ME,M,4,7.0,77,82,41,67,2,0,3,76,60,73,0,NA
S0743,CS,M,3,7.1,93,29,47,71,0,0,0,55,64,77,0,NA
S0744,ME,M,3,7.3,80,81,100,81,0,0,0,100,94,100,1,QA
S0745,CS,M,3,7.68,83,80,91,42,2,1,1,48,51,41,1,IT Support
S0746,IT,M,3,6.54,94,61,47,65,1,0,2,72,53,71,0,NA
S0747,CS,F,2,7.07,100,43,78,53,0,0,2,53,69,63,0,NA
S0748,CS,F,2,6.51,90,94,55,52,1,0,2,48,40,46,0,NA
S0749,ME,M,3,8.29,100,61,51,72,2,0,1,66,59,69,0,NA
S0750,ME,F,3,6.53,84,71,56,25,0,0,2,85,64,40,0,NA
S0751,IT,F,2,7.63,91,60,35,47,0,0,0,68,36,60,0,NA
S0752,CS,M,3,7.68,93,49,56,60,3,0,1,100,51,77,1,IT Support
S0753,IT,F,3,7.43,70,66,94,56,1,0,1,55,73,40,0,NA
S0754,EC,F,2,7.81,87,85,82,66,2,0,3,90,69,80,0,NA
S0755,ME,F,3,7.09,83,84,36,39,1,0,1,84,40,61,1,DevOps
S0756,CE,M,4,5.83,78,70,71,54,0,0,2,55,68,51,0,NA
S0757,EC,M,4,6.67,87,71,60,32,2,0,1,80,55,70,0,NA
S0758,IT,M,4,6.16,74,45,72,42,0,1,2,53,41,51,0,NA
S0759,CE,M,2,7.18,87,67,66,48,0,0,1,54,41,62,0,NA
S0760,CE,M,3,7.08,100,59,72,69,1,0,1,38,77,60,1,QA
S0761,CE,F,3,9.02,82,92,51,59,0,1,0,49,64,49,1,IT Support
S0762,EC,F,2,5.86,71,66,53,61,1,0,1,96,39,76,0,NA
S0763,CS,F,2,8.07,84,83,51,59,2,0,0,69,36,66,0,NA
S0764,CS,F,2,5.03,92,51,59,80,2,0,1,67,67,86,0,NA
S0765,IT,M,4,8.32,71,73,90,33,0,0,3,55,62,44,0,NA
S0766,CS,F,2,8.23,81,62,88,58,1,0,0,49,64,63,1,IT Support
S0767,CE,M,4,7.04,81,97,84,79,0,0,1,83,74,68,1,IT Support
S0768,IT,M,3,7.1,90,66,62,52,0,0,2,33,46,38,1,Data Analyst
S0769,ME,M,2,9.06,87,81,85,45,3,1,0,89,82,67,1,IT Support
S0770,CS,F,4,7.82,84,97,45,39,0,0,0,94,35,61,0,NA
S0771,CE,M,4,7.36,81,70,47,75,0,0,0,78,68,75,1,IT Support
S0772,EC,F,4,7.06,82,89,82,77,1,0,2,67,92,86,0,NA
S0773,CE,F,3,8.9,89,86,55,54,2,0,0,76,33,75,1,IT Support
S0774,EC,M,4,5.26,93,58,59,51,0,0,4,71,39,41,1,Data Analyst
S0775,ME,M,2,9.25,64,50,86,27,2,0,3,19,62,20,0,NA
S0776,CE,M,3,7.89,74,79,78,46,2,0,1,44,62,37,0,NA
S0777,ME,F,4,8.2,75,65,95,57,3,0,0,89,83,63,0,NA
S0778,ME,F,3,6.31,81,55,28,37,1,0,1,44,52,50,0,NA
S0779,EC,M,4,5.5,77,64,67,50,0,0,1,53,72,43,0,NA
S0780,CS,F,4,8.28,93,83,56,49,0,0,2,89,43,86,0,NA
S0781,IT,F,3,7.61,100,76,83,47,2,0,0,66,74,65,1,Data Analyst
S0782,CS,F,2,7.36,86,63,92,51,0,0,1,50,81,60,1,DevOps
S0783,CE,M,3,6.67,86,70,66,67,1,0,0,68,53,71,1,Data Analyst
S0784,ME,M,2,5.94,83,70,61,71,1,0,1,83,68,73,1,DevOps
S0785,CE,M,4,7.21,84,62,62,61,2,0,0,50,65,45,0,NA
S0786,CS,F,4,8.88,90,100,90,62,1,0,0,67,68,41,1,DevOps
S0787,ME,F,3,7.39,100,77,72,55,2,1,1,48,53,46,0,NA
S0788,ME,F,2,7.4,90,97,63,86,0,0,0,20,79,57,1,DevOps
S0789,CS,M,4,7.29,64,42,79,38,0,0,0,74,64,28,1,DevOps
S0790,IT,M,4,6.36,86,71,64,68,0,0,0,45,53,51,0,NA
S0791,ME,F,3,5.81,77,68,62,40,0,1,1,51,48,33,1,SDE
S0792,CS,M,3,7.53,76,60,42,56,1,1,1,81,41,57,0,NA
S0793,ME,F,3,5.02,90,77,55,42,2,1,1,49,47,50,0,NA
S0794,CS,M,3,8.06,100,80,57,61,1,0,0,87,61,72,0,NA
S0795,IT,F,2,7.73,100,56,64,75,1,1,0,59,72,77,1,Data Analyst
S0796,ME,F,4,8.05,90,72,88,27,1,0,1,59,65,41,1,SDE
S0797,IT,F,3,6.66,64,97,68,57,2,0,2,87,56,63,1,SDE
S0798,CE,M,3,6.68,93,67,28,57,0,0,2,54,62,49,0,NA
S0799,IT,M,3,7.2,92,59,39,66,0,0,2,88,58,69,1,Data Analyst
S0800,EC,M,3,6.59,85,59,73,61,0,1,1,56,63,49,0,NA
S0801,ME,M,3,8.26,89,64,70,58,0,0,2,70,67,51,0,NA
S0802,EC,F,2,6.74,90,65,70,63,2,1,2,83,59,67,1,QA
S0803,CS,M,2,6.5,71,49,58,60,1,0,1,54,64,58,0,NA
S0804,EC,M,4,9.39,75,80,56,58,3,0,1,67,67,55,1,Data Analyst
S0805,EC,M,2,8.72,68,90,100,70,2,0,3,71,75,65,1,QA
S0806,CS,F,4,6.5,92,43,54,42,0,1,1,50,46,41,0,NA
S0807,EC,M,3,6.85,75,73,51,70,3,0,1,87,84,63,0,NA
S0808,CE,M,4,8.0,65,64,73,62,0,0,0,45,88,59,1,SDE
S0809,EC,F,2,6.48,90,41,93,53,0,0,3,55,70,52,0,NA
S0810,EC,M,3,7.62,73,84,100,62,0,0,0,46,100,59,1,QA
S0811,ME,M,2,5.5,73,50,65,73,1,0,0,76,69,60,0,NA
S0812,IT,F,2,7.08,95,67,51,74,2,0,0,63,97,73,0,NA
S0813,ME,M,4,8.35,85,87,80,63,1,0,1,59,48,57,0,NA
S0814,EC,M,4,7.08,95,70,64,63,1,0,1,63,78,60,1,IT Support
S0815,EC,F,4,7.99,86,81,52,52,0,0,2,55,55,41,0,NA
S0816,CE,M,3,7.07,100,46,47,46,0,0,0,43,53,37,0,NA
S0817,EC,F,3,8.72,94,81,76,54,0,0,1,40,87,50,1,IT Support
S0818,IT,F,4,7.91,90,72,59,63,3,0,1,29,47,39,0,NA
S0819,EC,F,3,6.64,97,63,46,59,3,1,2,30,36,42,0,NA
S0820,EC,F,2,6.54,85,61,36,56,1,0,1,79,45,60,0,NA
S0821,IT,M,3,7.73,84,60,52,74,2,0,1,60,76,55,0,NA
S0822,EC,M,4,8.96,61,70,52,71,0,1,1,60,49,56,1,DevOps
S0823,EC,F,2,6.2,70,76,32,57,3,0,1,54,55,57,0,NA
S0824,CS,F,3,8.79,91,66,100,39,1,0,0,49,67,39,1,IT Support
S0825,CS,M,2,7.69,72,59,68,42,1,0,2,88,45,64,0,NA
S0826,CE,F,4,7.84,90,76,85,68,1,0,0,67,78,48,1,Data Analyst
S0827,EC,M,2,7.4,87,74,74,31,3,1,1,38,47,38,0,NA
S0828,IT,F,2,8.39,87,67,51,49,2,0,1,37,35,41,0,NA
S0829,EC,F,4,6.71,73,56,62,63,2,0,1,47,86,58,1,SDE
S0830,CE,F,2,8.62,83,65,61,85,2,0,1,50,61,72,1,QA
S0831,CS,F,4,8.9,87,88,45,66,2,0,2,59,48,46,1,DevOps
S0832,CS,F,3,8.6,86,65,89,52,2,0,1,61,85,51,0,NA
S0833,CS,M,2,7.2,66,62,72,73,2,0,2,95,67,96,1,DevOps
S0834,ME,M,4,7.2,86,54,66,77,1,0,0,26,78,50,0,NA
S0835,CS,F,2,7.55,92,90,71,58,2,0,0,20,55,48,1,Data Analyst
S0836,CE,M,4,7.06,70,30,45,32,0,1,0,66,36,34,0,NA
S0837,ME,F,3,9.01,74,68,50,71,1,0,1,62,56,66,1,QA
S0838,CE,F,2,5.61,83,62,76,28,1,1,1,37,67,45,0,NA
S0839,CS,M,2,7.18,100,89,82,20,2,0,2,91,44,74,1,SDE
S0840,CS,F,3,7.89,85,50,40,43,2,1,1,76,38,54,0,NA
S0841,IT,M,2,5.45,94,55,73,67,3,0,2,56,69,76,1,SDE
S0842,CS,M,2,6.86,90,53,68,59,0,0,3,64,51,60,0,NA
S0843,ME,F,4,7.11,98,71,56,55,0,0,1,55,54,46,0,NA
S0844,CE,M,3,6.81,78,55,53,38,3,1,1,37,40,43,1,QA
S0845,ME,M,4,8.77,97,69,64,46,0,0,0,73,46,53,0,NA
S0846,IT,F,4,8.49,79,70,49,56,0,1,2,53,69,59,1,IT Support
S0847,IT,M,3,8.8,87,84,86,85,3,0,0,21,75,45,1,QA
S0848,EC,F,3,7.7,81,52,84,74,5,1,1,32,78,58,1,IT Support
S0849,CE,F,4,7.23,75,52,47,59,0,0,0,54,34,61,0,NA
S0850,ME,F,2,9.67,83,77,79,86,0,0,0,27,82,51,1,IT Support
S0851,IT,M,3,7.91,77,75,72,59,1,0,0,85,62,60,1,SDE
S0852,ME,F,4,7.09,100,47,67,64,1,0,1,38,66,61,0,NA
S0853,CS,M,3,6.38,74,72,55,71,1,0,1,84,75,63,0,NA
S0854,CS,M,2,6.83,83,31,68,65,1,0,0,62,69,61,0,NA
S0855,IT,M,4,8.59,92,65,89,66,2,1,0,74,86,64,1,IT Support
S0856,IT,M,2,7.56,97,78,64,68,0,0,2,51,73,67,0,NA
S0857,IT,M,3,6.23,82,63,40,28,1,1,1,82,47,62,0,NA
S0858,IT,M,2,7.01,82,55,51,73,7,0,1,10,68,25,0,NA
S0859,EC,F,4,6.06,85,83,64,62,0,0,0,64,52,53,0,NA
S0860,CS,F,3,6.87,81,45,71,75,2,0,1,52,76,56,0,NA
S0861,ME,M,4,8.94,68,80,76,74,0,0,1,45,68,67,1,SDE
S0862,ME,F,4,7.92,71,89,47,53,2,0,1,42,57,22,1,QA
S0863,CE,F,3,6.84,86,55,44,38,2,1,2,91,41,69,0,NA
S0864,CS,M,4,7.99,88,69,73,52,1,0,1,72,77,79,1,DevOps
S0865,CE,M,2,8.18,66,78,62,56,1,0,2,33,64,43,0,NA
S0866,CS,M,3,7.99,100,74,82,49,1,0,1,80,69,76,1,IT Support
S0867,ME,F,4,5.73,88,41,33,54,1,0,2,56,47,47,0,NA
S0868,EC,F,4,7.43,80,48,22,35,1,0,1,82,32,76,0,NA
S0869,CE,F,4,9.77,86,59,98,64,2,0,3,57,76,62,1,QA
S0870,EC,M,3,5.56,82,55,58,76,0,0,3,46,57,62,0,NA
S0871,CE,M,2,7.22,78,60,81,34,2,0,1,95,73,64,1,SDE
S0872,CS,F,2,8.28,94,53,100,71,3,1,1,68,93,65,1,Data Analyst
S0873,ME,F,3,7.03,78,93,63,59,1,0,1,65,64,56,1,SDE
S0874,CS,F,2,7.58,67,74,59,81,0,0,1,52,69,78,0,NA
S0875,ME,F,4,7.71,84,87,64,79,1,1,0,57,67,74,1,DevOps
S0876,CE,M,2,6.28,82,44,51,48,2,1,2,49,71,43,1,QA
S0877,EC,F,3,7.88,89,81,56,68,0,0,1,71,54,71,1,IT Support
S0878,IT,M,3,9.64,81,73,74,52,0,0,1,45,71,57,1,Data Analyst
S0879,IT,F,3,7.55,83,71,68,57,1,0,0,78,53,56,0,NA
S0880,CS,M,3,7.72,85,57,30,38,0,1,1,49,31,32,1,IT Support
S0881,CE,M,4,6.59,81,37,56,47,2,1,4,54,50,42,0,NA
S0882,CE,M,2,7.91,88,84,84,75,3,0,2,60,82,64,0,NA
S0883,CS,M,4,8.01,96,48,53,61,1,1,0,45,56,47,1,DevOps
S0884,CE,M,4,7.65,99,86,77,88,2,0,2,19,83,59,1,DevOps
S0885,IT,F,4,7.26,76,77,84,64,0,1,1,48,89,47,1,SDE
S0886,EC,M,3,6.21,97,49,27,55,1,1,1,54,39,41,0,NA
S0887,CS,F,2,6.07,70,57,56,70,2,0,1,75,70,69,0,NA
S0888,CE,M,2,7.81,82,64,88,77,1,0,0,60,79,68,1,QA
S0889,ME,M,3,7.34,77,57,47,62,0,0,1,71,50,81,0,NA
S0890,CS,F,4,9.12,81,67,78,77,2,1,1,58,70,53,1,SDE
S0891,EC,M,4,4.18,79,49,58,54,1,0,0,66,53,72,0,NA
S0892,CE,M,4,9.05,84,80,58,66,1,0,0,52,54,42,1,SDE
S0893,EC,F,3,9.94,91,100,97,55,2,0,1,52,72,54,1,SDE
S0894,CS,F,2,7.45,77,64,90,68,1,1,2,67,65,68,1,Data Analyst
S0895,ME,M,2,6.91,84,28,44,46,1,0,0,84,47,77,0,NA
S0896,IT,M,3,7.15,82,79,52,63,2,0,3,70,53,71,1,IT Support
S0897,CE,M,4,7.46,100,62,81,75,1,0,0,54,68,67,0,NA
S0898,EC,F,3,6.87,90,77,93,56,1,0,2,43,89,54,1,DevOps
S0899,ME,M,3,7.78,94,71,93,68,1,0,3,30,72,59,1,IT Support
S0900,CS,M,4,7.62,73,70,48,38,2,1,0,92,36,79,0,NA
S0901,CS,F,3,7.08,85,56,71,53,1,1,1,69,68,55,0,NA
S0902,IT,M,2,6.89,75,59,46,64,1,0,2,36,35,75,0,NA
S0903,ME,M,2,7.37,78,67,55,62,0,1,1,21,72,25,1,IT Support
S0904,IT,F,2,6.22,77,71,100,74,1,0,2,41,89,66,0,NA
S0905,EC,F,2,6.54,83,40,21,36,1,0,1,62,46,45,0,NA
S0906,CS,M,2,9.0,92,75,69,71,1,1,0,56,69,74,1,Data Analyst
S0907,EC,M,3,8.01,92,87,69,63,2,0,0,79,65,78,1,DevOps
S0908,CE,M,3,8.97,95,82,68,47,1,1,2,48,58,39,1,IT Support
S0909,IT,M,2,8.01,94,74,20,58,1,0,0,30,20,46,1,SDE
S0910,ME,M,2,6.4,75,47,56,87,2,0,1,61,64,91,0,NA
S0911,CS,M,3,6.83,90,46,51,38,3,1,1,46,50,49,0,NA
S0912,IT,F,3,7.35,71,66,87,76,1,0,0,94,94,94,1,Data Analyst
S0913,CS,M,3,6.65,100,60,44,50,1,1,1,33,49,46,1,SDE
S0914,ME,F,3,7.0,90,49,100,81,1,1,2,56,75,69,1,QA
S0915,CS,M,4,6.43,82,72,45,52,1,0,0,87,68,72,0,NA
S0916,CS,M,2,6.57,82,53,84,65,4,0,2,94,62,77,1,DevOps
S0917,CE,F,2,5.57,92,66,64,79,1,0,0,46,70,56,0,NA
S0918,IT,M,2,8.12,67,76,62,73,4,0,2,25,83,43,1,Data Analyst
S0919,IT,M,3,6.58,67,40,61,84,0,0,1,100,88,85,0,NA
S0920,ME,F,3,8.15,92,84,79,64,0,0,2,73,73,65,1,QA
S0921,CS,M,3,9.18,84,63,80,54,0,0,1,47,66,53,0,NA
S0922,EC,F,2,7.54,96,54,79,46,1,1,0,78,58,68,0,NA
S0923,CS,M,4,5.22,82,63,57,76,1,1,1,68,82,80,0,NA
S0924,IT,M,3,7.33,73,65,26,57,0,1,1,69,46,54,1,SDE
S0925,ME,M,4,7.18,84,60,61,44,2,0,0,66,52,62,1,SDE
S0926,EC,M,4,6.9,82,88,46,21,0,0,0,48,29,37,0,NA
S0927,ME,M,4,6.32,78,51,99,90,1,0,1,26,86,57,1,Data Analyst
S0928,CS,F,3,8.58,86,98,44,62,2,0,3,48,69,74,1,QA
S0929,EC,M,4,9.94,88,70,67,53,1,0,2,100,55,79,1,Data Analyst
S0930,EC,F,2,6.56,75,71,77,87,4,0,2,46,100,66,1,DevOps
S0931,ME,M,4,6.02,91,49,24,20,1,0,0,89,26,41,0,NA
S0932,ME,M,4,6.67,95,63,63,41,1,0,0,40,52,55,1,QA
S0933,IT,M,2,6.71,100,41,64,65,0,0,0,60,56,48,0,NA
S0934,CE,M,4,9.63,91,38,96,65,2,0,0,32,81,57,0,NA
S0935,ME,F,4,7.54,78,84,70,57,5,0,0,53,75,50,0,NA
S0936,EC,M,3,7.95,73,68,85,62,1,0,0,41,73,53,1,SDE
S0937,CS,M,3,8.01,79,82,59,37,4,1,2,61,34,73,1,Data Analyst
S0938,CE,M,3,6.6,79,42,73,37,1,0,1,85,58,59,0,NA
S0939,CE,M,2,9.18,61,88,97,71,2,0,1,71,86,72,1,DevOps
S0940,IT,F,2,6.13,100,60,64,51,1,0,2,33,61,38,1,SDE
S0941,CE,M,4,8.26,77,92,80,59,2,1,1,66,71,69,1,DevOps
S0942,CS,F,2,8.76,85,61,74,49,0,0,2,91,43,73,0,NA
S0943,ME,M,4,7.49,81,77,72,81,2,0,1,47,74,75,1,SDE
S0944,IT,F,3,6.26,81,83,79,54,4,1,0,59,68,61,1,QA
S0945,EC,F,2,7.28,68,58,82,34,2,0,0,39,53,40,0,NA
S0946,ME,F,2,8.34,76,57,52,73,2,0,1,43,57,33,1,DevOps
S0947,CE,F,4,8.68,73,83,57,59,1,1,0,74,60,67,1,IT Support
S0948,EC,M,2,7.08,100,66,43,40,1,0,1,100,23,73,0,NA
S0949,ME,M,4,6.1,85,77,58,39,2,1,2,63,56,56,1,Data Analyst
S0950,EC,M,3,8.05,98,70,57,61,2,0,0,52,76,64,0,NA
S0951,EC,F,4,7.85,88,65,59,58,0,0,1,99,53,91,1,SDE
S0952,CS,M,2,7.55,86,76,65,74,1,0,0,68,81,63,0,NA
S0953,ME,F,4,7.23,100,56,26,53,0,1,2,83,42,61,0,NA
S0954,IT,F,3,7.25,80,61,76,69,1,0,0,100,82,93,0,NA
S0955,ME,M,3,6.23,92,31,58,75,5,1,0,48,55,53,1,DevOps
S0956,CE,F,4,6.61,80,78,60,74,0,0,1,63,80,74,0,NA
S0957,EC,M,4,7.36,91,70,41,50,0,0,0,47,46,46,0,NA
S0958,ME,M,4,8.48,97,67,62,47,2,1,0,72,62,52,1,DevOps
S0959,IT,F,3,8.05,100,94,79,50,1,0,2,33,78,39,0,NA
S0960,CS,F,4,7.23,100,80,37,51,3,0,1,41,50,52,0,NA
S0961,EC,M,4,8.41,83,57,58,51,0,0,0,70,45,68,0,NA
S0962,IT,M,3,6.89,70,42,47,56,1,1,1,40,44,49,0,NA
S0963,IT,M,3,6.5,91,53,78,74,1,0,0,63,85,76,0,NA
S0964,IT,F,4,7.79,83,77,52,44,0,0,3,61,39,48,0,NA
S0965,EC,F,3,5.58,69,59,46,44,1,1,0,61,36,65,0,NA
S0966,CE,M,2,6.8,83,90,60,39,3,0,0,49,59,35,1,Data Analyst
S0967,CS,M,3,5.59,70,64,60,53,2,0,0,100,71,74,0,NA
S0968,ME,M,3,8.27,82,78,89,56,0,0,0,53,63,55,1,DevOps
S0969,CS,F,4,7.97,73,83,100,56,0,0,4,33,81,38,1,SDE
S0970,IT,M,4,9.12,73,51,70,42,3,1,0,34,49,25,0,NA
S0971,CS,M,2,5.71,84,35,96,51,0,1,1,56,91,61,1,SDE
S0972,ME,M,4,8.67,94,77,82,51,0,0,1,62,68,53,1,QA
S0973,ME,F,3,6.44,83,66,86,64,4,0,0,78,94,77,0,NA
S0974,CE,M,4,7.32,73,74,48,45,2,0,0,40,46,44,1,IT Support
S0975,CE,F,4,6.72,86,58,78,60,2,1,0,58,45,59,1,DevOps
S0976,CS,M,2,6.73,91,47,87,75,0,0,2,60,100,58,0,NA
S0977,CS,M,4,6.38,77,49,48,51,1,0,0,54,46,54,0,NA
S0978,CS,M,3,5.97,79,78,64,64,1,0,0,64,59,72,0,NA
S0979,IT,F,4,7.41,82,60,65,43,0,1,1,51,41,49,1,QA
S0980,CE,F,2,5.94,87,58,95,60,1,1,2,44,78,45,0,NA
S0981,EC,M,3,5.89,90,42,83,51,1,1,0,100,67,83,0,NA
S0982,CE,M,2,7.39,96,61,74,68,3,0,1,40,73,70,0,NA
S0983,ME,M,2,7.92,84,79,72,61,3,0,1,57,57,58,1,SDE
S0984,EC,M,2,7.03,83,49,36,58,4,0,1,60,69,59,0,NA
S0985,EC,M,4,8.05,81,48,67,56,2,1,1,80,77,54,0,NA
S0986,EC,F,4,7.72,73,80,83,97,3,1,1,69,79,79,1,QA
S0987,CE,M,2,7.37,84,59,71,59,4,0,0,56,45,61,1,SDE
S0988,ME,M,4,7.75,96,73,85,62,2,1,2,62,87,61,1,Data Analyst
S0989,CS,M,2,7.56,79,62,31,48,0,0,4,37,27,34,0,NA
S0990,EC,M,4,6.39,92,63,20,65,2,0,2,61,41,48,0,NA
S0991,EC,M,3,8.0,86,68,53,57,2,1,1,59,78,75,1,QA
S0992,IT,F,2,6.04,100,54,55,46,2,0,1,47,54,46,0,NA
S0993,ME,M,4,7.06,86,79,72,70,1,0,2,26,62,43,0,NA
S0994,CS,M,4,8.09,82,87,96,57,4,0,3,61,74,62,1,DevOps
S0995,EC,M,4,7.69,84,68,51,29,1,0,3,44,42,20,1,DevOps
S0996,CE,M,2,7.16,88,80,47,41,3,0,0,62,46,37,0,NA
S0997,EC,M,2,9.09,74,72,79,48,0,0,0,24,57,53,0,NA
S0998,IT,F,4,7.67,92,76,57,59,1,0,3,70,52,58,0,NA
S0999,CS,M,4,7.96,73,83,58,56,0,0,2,87,63,66,0,NA
S1000,IT,M,2,6.66,73,67,59,91,1,0,0,60,89,93,1,DevOps
